platform,globalsale
Wii,909.81
NES,251.07000000000005
GB,254.41999999999993
DS,818.9299999999999
X360,969.6100000000001
PS3,949.35
PS2,1233.46
SNES,200.05
GBA,313.56
3DS,246.28000000000003
PS4,278.1
N64,218.21
PS,727.39
XB,252.09000000000003
PC,254.9
2600,86.57
PSP,291.71000000000004
XOne,141.06
GC,197.14
WiiU,81.86
GEN,28.360000000000003
DC,15.969999999999999
PSV,61.629999999999995
SAT,33.589999999999996
SCD,1.87
WS,1.4200000000000002
NG,1.4400000000000002
TG16,0.16
3DO,0.1
GG,0.04
PCFX,0.03
